"","workerId","type","maybe_O","noresp_O","recog_O","miss_O","maybe_N","noresp_N","fa_N","reject_N","CorrRecog","CorrRejec","OverallCCat","neworder"
"1","1676","diffarr",2,0,2,6,2,1,2,5,0,-1,-1,"A"
"2","1677","diffarr",2,0,0,8,1,1,0,8,0,0,0,"A"
"3","1678","diffarr",0,0,1,9,1,0,0,9,1,0,1,"A"
"4","1679","diffarr",1,0,1,8,2,0,0,8,1,0,1,"A"
"5","1680","diffarr",2,0,2,6,3,0,1,6,1,0,1,"A"
"6","1682","diffarr",1,0,4,5,0,0,2,8,2,3,5,"A"
"7","1684","diffarr",3,1,2,4,2,3,0,5,2,1,3,"A"
"8","1687","diffarr",1,0,2,7,2,1,0,7,2,0,2,"A"
"9","1688","diffarr",5,0,3,2,1,0,1,8,2,6,8,"A"
"10","1691","diffarr",1,0,5,4,3,0,3,4,2,0,2,"A"
"11","1693","diffarr",0,0,1,9,0,0,0,10,1,1,2,"A"
"12","1694","diffarr",2,0,0,8,1,0,0,9,0,1,1,"A"
"13","1699","diffarr",1,0,2,7,1,0,1,8,1,1,2,"A"
"14","1701","diffarr",2,3,3,2,0,1,1,8,2,6,8,"A"
"15","1705","diffarr",4,0,0,6,2,1,0,7,0,1,1,"A"
"16","1706","diffarr",0,0,0,10,0,3,0,7,0,-3,-3,"A"
"17","1707","diffarr",0,0,1,9,0,0,1,9,0,0,0,"A"
"18","1709","diffarr",0,0,4,6,0,1,1,8,3,2,5,"A"
"19","1711","diffarr",1,0,2,7,1,0,0,9,2,2,4,"A"
"20","1712","diffarr",0,1,0,9,2,4,2,2,-2,-7,-9,"A"
"21","1713","diffarr",1,1,2,6,2,0,1,7,1,1,2,"A"
"22","1715","diffarr",3,1,2,4,1,0,3,6,-1,2,1,"A"
"23","1720","diffarr",0,1,2,7,0,0,4,6,-2,-1,-3,"A"
"24","1721","diffarr",1,0,1,8,0,0,2,8,-1,0,-1,"A"
"25","1722","diffarr",1,1,0,8,1,0,0,9,0,1,1,"A"
"26","1724","diffarr",0,2,2,6,0,4,1,5,1,-1,0,"A"
"27","1726","diffarr",0,1,1,8,0,0,1,9,0,1,1,"A"
"28","1728","diffarr",2,1,1,6,0,1,0,9,1,3,4,"A"
"29","1734","diffarr",2,1,5,2,1,1,4,4,1,2,3,"A"
"30","1736","diffarr",1,0,1,8,0,1,0,9,1,1,2,"A"
"31","1742","diffarr",0,0,2,8,0,0,1,9,1,1,2,"A"
"32","1743","diffarr",0,1,4,5,1,0,2,7,2,2,4,"A"
"33","1746","diffarr",1,1,0,8,0,0,0,10,0,2,2,"A"
"34","1747","diffarr",0,2,3,5,0,0,2,8,1,3,4,"A"
"35","1748","diffarr",1,0,4,5,1,0,1,8,3,3,6,"A"
"36","1749","diffarr",1,0,3,6,0,1,1,8,2,2,4,"A"
"37","1751","diffarr",3,0,0,7,2,1,1,6,-1,-1,-2,"A"
"38","1752","diffarr",0,2,0,8,0,1,1,8,-1,0,-1,"A"
"39","1755","diffarr",0,0,3,7,1,0,2,7,1,0,1,"A"
"40","1756","diffarr",1,2,0,7,1,0,0,9,0,2,2,"A"
"41","1759","diffarr",0,3,5,2,1,3,3,3,2,1,3,"A"
"42","1761","diffarr",2,0,3,5,1,0,0,9,3,4,7,"A"
"43","1949","diffarr",2,0,0,8,1,0,0,9,0,1,1,"A"
"44","1953","diffarr",0,0,2,8,0,1,2,7,0,-1,-1,"A"
"45","1954","diffarr",1,0,1,8,0,2,2,6,-1,-2,-3,"A"
"46","1955","diffarr",2,1,0,7,1,2,0,7,0,0,0,"A"
"47","1958","diffarr",1,1,0,8,1,0,0,9,0,1,1,"A"
"48","1960","diffarr",0,1,1,8,1,0,0,9,1,1,2,"A"
"49","1962","diffarr",0,0,2,8,0,1,2,7,0,-1,-1,"A"
"50","1963","diffarr",1,0,3,6,0,1,0,9,3,3,6,"A"
"51","1965","diffarr",0,0,4,6,0,0,4,6,0,0,0,"A"
"52","1966","diffarr",0,0,3,7,0,0,0,10,3,3,6,"A"
"53","1967","diffarr",2,0,3,5,1,1,1,7,2,2,4,"A"
"54","1969","diffarr",0,0,2,8,0,0,0,10,2,2,4,"A"
"55","1970","diffarr",0,0,5,5,0,2,4,4,1,-1,0,"A"
"56","1971","diffarr",0,0,4,6,1,0,2,7,2,1,3,"A"
"57","1975","diffarr",2,1,0,7,0,0,4,6,-4,-1,-5,"A"
"58","1976","diffarr",0,1,1,8,0,0,3,7,-2,-1,-3,"A"
"59","1977","diffarr",1,0,3,6,3,0,1,6,2,0,2,"A"
"60","1979","diffarr",0,1,3,6,2,0,3,5,0,-1,-1,"A"
"61","1980","diffarr",2,0,3,5,0,2,3,5,0,0,0,"A"
"62","1982","diffarr",2,0,4,4,0,0,0,10,4,6,10,"A"
"63","1986","diffarr",0,1,2,7,0,4,0,6,2,-1,1,"A"
"64","1988","diffarr",2,0,1,7,0,0,0,10,1,3,4,"A"
"65","1990","diffarr",1,1,1,7,0,1,0,9,1,2,3,"A"
"66","852","diffarr",2,0,5,3,1,0,2,7,3,4,7,"A"
"67","853","diffarr",0,0,1,9,0,1,0,9,1,0,1,"A"
"68","858","diffarr",1,1,0,8,3,1,3,3,-3,-5,-8,"A"
"69","860","diffarr",0,0,2,8,0,0,1,9,1,1,2,"A"
"70","863","diffarr",3,1,3,3,1,4,2,3,1,0,1,"A"
"71","866","diffarr",0,5,0,5,2,0,0,8,0,3,3,"A"
"72","867","diffarr",0,1,5,4,1,3,2,4,3,0,3,"A"
"73","868","diffarr",0,0,2,8,0,2,1,7,1,-1,0,"A"
"74","869","diffarr",0,1,3,6,2,0,3,5,0,-1,-1,"A"
"75","870","diffarr",0,2,3,5,1,1,1,7,2,2,4,"A"
"76","871","diffarr",0,1,4,5,1,1,2,6,2,1,3,"A"
"77","872","diffarr",0,1,2,7,2,0,1,7,1,0,1,"A"
"78","873","diffarr",0,1,2,7,0,0,1,9,1,2,3,"A"
"79","879","diffarr",2,0,1,7,1,1,2,6,-1,-1,-2,"A"
"80","880","diffarr",3,0,0,7,2,0,1,7,-1,0,-1,"A"
"81","885","diffarr",2,0,0,8,0,0,0,10,0,2,2,"A"
"82","886","diffarr",3,0,2,5,2,4,0,4,2,-1,1,"A"
"83","893","diffarr",2,0,0,8,2,0,0,8,0,0,0,"A"
"84","895","diffarr",0,3,2,5,0,1,2,7,0,2,2,"A"
"85","897","diffarr",1,1,5,3,0,1,2,7,3,4,7,"A"
"86","899","diffarr",1,4,1,4,3,1,1,5,0,1,1,"A"
"87","900","diffarr",0,0,2,8,0,1,1,8,1,0,1,"A"
"88","902","diffarr",2,2,4,2,6,0,2,2,2,0,2,"A"
"89","903","diffarr",0,1,2,7,0,1,3,6,-1,-1,-2,"A"
"90","904","diffarr",2,0,4,4,0,0,1,9,3,5,8,"A"
"91","905","diffarr",0,0,1,9,1,1,0,8,1,-1,0,"A"
"92","906","diffarr",0,0,3,7,0,0,1,9,2,2,4,"A"
"93","908","diffarr",2,0,1,7,1,0,3,6,-2,-1,-3,"A"
"94","910","diffarr",1,0,1,8,0,1,0,9,1,1,2,"A"
"95","914","diffarr",0,2,2,6,1,0,1,8,1,2,3,"A"
"96","1676","diffarr",2,0,2,6,2,1,2,5,0,-1,-1,"A"
"97","1677","diffarr",2,0,0,8,1,1,0,8,0,0,0,"A"
"98","1678","diffarr",0,0,1,9,1,0,0,9,1,0,1,"A"
"99","1679","diffarr",1,0,1,8,2,0,0,8,1,0,1,"A"
"100","1680","diffarr",2,0,2,6,3,0,1,6,1,0,1,"A"
"101","1682","diffarr",1,0,4,5,0,0,2,8,2,3,5,"A"
"102","1684","diffarr",3,1,2,4,2,3,0,5,2,1,3,"A"
"103","1687","diffarr",1,0,2,7,2,1,0,7,2,0,2,"A"
"104","1688","diffarr",5,0,3,2,1,0,1,8,2,6,8,"A"
"105","1691","diffarr",1,0,5,4,3,0,3,4,2,0,2,"A"
"106","1693","diffarr",0,0,1,9,0,0,0,10,1,1,2,"A"
"107","1694","diffarr",2,0,0,8,1,0,0,9,0,1,1,"A"
"108","1699","diffarr",1,0,2,7,1,0,1,8,1,1,2,"A"
"109","1701","diffarr",2,3,3,2,0,1,1,8,2,6,8,"A"
"110","1705","diffarr",4,0,0,6,2,1,0,7,0,1,1,"A"
"111","1706","diffarr",0,0,0,10,0,3,0,7,0,-3,-3,"A"
"112","1707","diffarr",0,0,1,9,0,0,1,9,0,0,0,"A"
"113","1709","diffarr",0,0,4,6,0,1,1,8,3,2,5,"A"
"114","1711","diffarr",1,0,2,7,1,0,0,9,2,2,4,"A"
"115","1712","diffarr",0,1,0,9,2,4,2,2,-2,-7,-9,"A"
"116","1713","diffarr",1,1,2,6,2,0,1,7,1,1,2,"A"
"117","1715","diffarr",3,1,2,4,1,0,3,6,-1,2,1,"A"
"118","1720","diffarr",0,1,2,7,0,0,4,6,-2,-1,-3,"A"
"119","1721","diffarr",1,0,1,8,0,0,2,8,-1,0,-1,"A"
"120","1722","diffarr",1,1,0,8,1,0,0,9,0,1,1,"A"
"121","1724","diffarr",0,2,2,6,0,4,1,5,1,-1,0,"A"
"122","1726","diffarr",0,1,1,8,0,0,1,9,0,1,1,"A"
"123","1728","diffarr",2,1,1,6,0,1,0,9,1,3,4,"A"
"124","1734","diffarr",2,1,5,2,1,1,4,4,1,2,3,"A"
"125","1736","diffarr",1,0,1,8,0,1,0,9,1,1,2,"A"
"126","1742","diffarr",0,0,2,8,0,0,1,9,1,1,2,"A"
"127","1743","diffarr",0,1,4,5,1,0,2,7,2,2,4,"A"
"128","1746","diffarr",1,1,0,8,0,0,0,10,0,2,2,"A"
"129","1747","diffarr",0,2,3,5,0,0,2,8,1,3,4,"A"
"130","1748","diffarr",1,0,4,5,1,0,1,8,3,3,6,"A"
"131","1749","diffarr",1,0,3,6,0,1,1,8,2,2,4,"A"
"132","1751","diffarr",3,0,0,7,2,1,1,6,-1,-1,-2,"A"
"133","1752","diffarr",0,2,0,8,0,1,1,8,-1,0,-1,"A"
"134","1755","diffarr",0,0,3,7,1,0,2,7,1,0,1,"A"
"135","1756","diffarr",1,2,0,7,1,0,0,9,0,2,2,"A"
"136","1759","diffarr",0,3,5,2,1,3,3,3,2,1,3,"A"
"137","1761","diffarr",2,0,3,5,1,0,0,9,3,4,7,"A"
"138","1949","diffarr",2,0,0,8,1,0,0,9,0,1,1,"A"
"139","1953","diffarr",0,0,2,8,0,1,2,7,0,-1,-1,"A"
"140","1954","diffarr",1,0,1,8,0,2,2,6,-1,-2,-3,"A"
"141","1955","diffarr",2,1,0,7,1,2,0,7,0,0,0,"A"
"142","1958","diffarr",1,1,0,8,1,0,0,9,0,1,1,"A"
"143","1960","diffarr",0,1,1,8,1,0,0,9,1,1,2,"A"
"144","1962","diffarr",0,0,2,8,0,1,2,7,0,-1,-1,"A"
"145","1963","diffarr",1,0,3,6,0,1,0,9,3,3,6,"A"
"146","1965","diffarr",0,0,4,6,0,0,4,6,0,0,0,"A"
"147","1966","diffarr",0,0,3,7,0,0,0,10,3,3,6,"A"
"148","1967","diffarr",2,0,3,5,1,1,1,7,2,2,4,"A"
"149","1969","diffarr",0,0,2,8,0,0,0,10,2,2,4,"A"
"150","1970","diffarr",0,0,5,5,0,2,4,4,1,-1,0,"A"
"151","1971","diffarr",0,0,4,6,1,0,2,7,2,1,3,"A"
"152","1975","diffarr",2,1,0,7,0,0,4,6,-4,-1,-5,"A"
"153","1976","diffarr",0,1,1,8,0,0,3,7,-2,-1,-3,"A"
"154","1977","diffarr",1,0,3,6,3,0,1,6,2,0,2,"A"
"155","1979","diffarr",0,1,3,6,2,0,3,5,0,-1,-1,"A"
"156","1980","diffarr",2,0,3,5,0,2,3,5,0,0,0,"A"
"157","1982","diffarr",2,0,4,4,0,0,0,10,4,6,10,"A"
"158","1986","diffarr",0,1,2,7,0,4,0,6,2,-1,1,"A"
"159","1988","diffarr",2,0,1,7,0,0,0,10,1,3,4,"A"
"160","1990","diffarr",1,1,1,7,0,1,0,9,1,2,3,"A"
"161","852","diffarr",2,0,5,3,1,0,2,7,3,4,7,"A"
"162","853","diffarr",0,0,1,9,0,1,0,9,1,0,1,"A"
"163","858","diffarr",1,1,0,8,3,1,3,3,-3,-5,-8,"A"
"164","860","diffarr",0,0,2,8,0,0,1,9,1,1,2,"A"
"165","863","diffarr",3,1,3,3,1,4,2,3,1,0,1,"A"
"166","866","diffarr",0,5,0,5,2,0,0,8,0,3,3,"A"
"167","867","diffarr",0,1,5,4,1,3,2,4,3,0,3,"A"
"168","868","diffarr",0,0,2,8,0,2,1,7,1,-1,0,"A"
"169","869","diffarr",0,1,3,6,2,0,3,5,0,-1,-1,"A"
"170","870","diffarr",0,2,3,5,1,1,1,7,2,2,4,"A"
"171","871","diffarr",0,1,4,5,1,1,2,6,2,1,3,"A"
"172","872","diffarr",0,1,2,7,2,0,1,7,1,0,1,"A"
"173","873","diffarr",0,1,2,7,0,0,1,9,1,2,3,"A"
"174","879","diffarr",2,0,1,7,1,1,2,6,-1,-1,-2,"A"
"175","880","diffarr",3,0,0,7,2,0,1,7,-1,0,-1,"A"
"176","885","diffarr",2,0,0,8,0,0,0,10,0,2,2,"A"
"177","886","diffarr",3,0,2,5,2,4,0,4,2,-1,1,"A"
"178","893","diffarr",2,0,0,8,2,0,0,8,0,0,0,"A"
"179","895","diffarr",0,3,2,5,0,1,2,7,0,2,2,"A"
"180","897","diffarr",1,1,5,3,0,1,2,7,3,4,7,"A"
"181","899","diffarr",1,4,1,4,3,1,1,5,0,1,1,"A"
"182","900","diffarr",0,0,2,8,0,1,1,8,1,0,1,"A"
"183","902","diffarr",2,2,4,2,6,0,2,2,2,0,2,"A"
"184","903","diffarr",0,1,2,7,0,1,3,6,-1,-1,-2,"A"
"185","904","diffarr",2,0,4,4,0,0,1,9,3,5,8,"A"
"186","905","diffarr",0,0,1,9,1,1,0,8,1,-1,0,"A"
"187","906","diffarr",0,0,3,7,0,0,1,9,2,2,4,"A"
"188","908","diffarr",2,0,1,7,1,0,3,6,-2,-1,-3,"A"
"189","910","diffarr",1,0,1,8,0,1,0,9,1,1,2,"A"
"190","914","diffarr",0,2,2,6,1,0,1,8,1,2,3,"A"
"191","1676","sarr",1,0,4,5,2,1,2,5,2,0,2,"B"
"192","1677","sarr",2,0,3,5,3,0,2,5,1,0,1,"B"
"193","1678","sarr",1,0,1,8,1,1,2,6,-1,-2,-3,"B"
"194","1679","sarr",0,0,3,7,2,0,3,5,0,-2,-2,"B"
"195","1680","sarr",1,0,7,2,1,1,5,3,2,1,3,"B"
"196","1682","sarr",0,0,4,6,1,0,1,8,3,2,5,"B"
"197","1684","sarr",1,1,3,5,1,1,1,7,2,2,4,"B"
"198","1687","sarr",2,0,2,6,2,1,3,4,-1,-2,-3,"B"
"199","1688","sarr",2,0,6,2,2,0,5,3,1,1,2,"B"
"200","1691","sarr",3,0,3,4,2,1,2,5,1,1,2,"B"
"201","1693","sarr",3,1,2,4,1,1,0,8,2,4,6,"B"
"202","1694","sarr",2,1,2,5,1,0,4,5,-2,0,-2,"B"
"203","1699","sarr",0,0,1,9,0,0,3,7,-2,-2,-4,"B"
"204","1701","sarr",1,3,2,4,0,0,0,10,2,6,8,"B"
"205","1705","sarr",1,1,4,4,4,1,2,3,2,-1,1,"B"
"206","1706","sarr",0,0,2,8,0,2,0,8,2,0,2,"B"
"207","1707","sarr",0,0,3,7,0,0,0,10,3,3,6,"B"
"208","1709","sarr",0,1,1,8,0,1,2,7,-1,-1,-2,"B"
"209","1711","sarr",4,0,1,5,1,0,1,8,0,3,3,"B"
"210","1712","sarr",2,2,3,3,2,3,2,3,1,0,1,"B"
"211","1713","sarr",1,1,2,6,1,1,2,6,0,0,0,"B"
"212","1715","sarr",3,0,1,6,1,0,4,5,-3,-1,-4,"B"
"213","1720","sarr",0,0,5,5,1,0,3,6,2,1,3,"B"
"214","1721","sarr",1,0,2,7,1,0,0,9,2,2,4,"B"
"215","1722","sarr",3,2,0,5,4,1,1,4,-1,-1,-2,"B"
"216","1724","sarr",0,3,5,2,0,4,1,5,4,3,7,"B"
"217","1726","sarr",1,0,4,5,1,0,4,5,0,0,0,"B"
"218","1728","sarr",0,2,1,7,3,1,0,6,1,-1,0,"B"
"219","1734","sarr",2,0,6,2,0,0,7,3,-1,1,0,"B"
"220","1736","sarr",0,1,0,9,1,2,1,6,-1,-3,-4,"B"
"221","1742","sarr",0,0,1,9,0,0,4,6,-3,-3,-6,"B"
"222","1743","sarr",0,0,0,10,0,0,1,9,-1,-1,-2,"B"
"223","1746","sarr",0,1,1,8,0,0,1,9,0,1,1,"B"
"224","1747","sarr",0,4,1,5,0,3,3,4,-2,-1,-3,"B"
"225","1748","sarr",1,0,6,3,1,0,5,4,1,1,2,"B"
"226","1749","sarr",1,0,5,4,0,0,3,7,2,3,5,"B"
"227","1751","sarr",1,0,5,4,2,0,4,4,1,0,1,"B"
"228","1752","sarr",1,0,3,6,0,2,3,5,0,-1,-1,"B"
"229","1755","sarr",2,0,5,3,1,1,4,4,1,1,2,"B"
"230","1756","sarr",0,2,1,7,1,1,0,8,1,1,2,"B"
"231","1759","sarr",0,2,5,3,0,2,3,5,2,2,4,"B"
"232","1761","sarr",2,0,1,7,2,0,2,6,-1,-1,-2,"B"
"233","1949","sarr",3,0,2,5,1,0,0,9,2,4,6,"B"
"234","1953","sarr",0,0,1,9,1,3,0,6,1,-3,-2,"B"
"235","1954","sarr",0,1,5,4,0,2,2,6,3,2,5,"B"
"236","1955","sarr",2,1,1,6,2,3,3,2,-2,-4,-6,"B"
"237","1958","sarr",0,1,0,9,1,1,0,8,0,-1,-1,"B"
"238","1960","sarr",1,0,1,8,2,0,2,6,-1,-2,-3,"B"
"239","1962","sarr",0,2,3,5,0,3,4,3,-1,-2,-3,"B"
"240","1963","sarr",1,0,4,5,0,0,1,9,3,4,7,"B"
"241","1965","sarr",0,0,6,4,0,0,3,7,3,3,6,"B"
"242","1966","sarr",0,1,0,9,0,0,0,10,0,1,1,"B"
"243","1967","sarr",4,0,2,4,2,0,1,7,1,3,4,"B"
"244","1969","sarr",0,0,2,8,0,1,1,8,1,0,1,"B"
"245","1970","sarr",0,0,5,5,2,2,2,4,3,-1,2,"B"
"246","1971","sarr",1,0,4,5,2,0,3,5,1,0,1,"B"
"247","1975","sarr",1,0,5,4,1,0,3,6,2,2,4,"B"
"248","1976","sarr",1,0,4,5,0,0,3,7,1,2,3,"B"
"249","1977","sarr",2,1,3,4,1,2,1,6,2,2,4,"B"
"250","1979","sarr",0,0,6,4,0,0,4,6,2,2,4,"B"
"251","1980","sarr",1,2,1,6,1,2,2,5,-1,-1,-2,"B"
"252","1982","sarr",1,0,5,4,0,1,4,5,1,1,2,"B"
"253","1986","sarr",2,3,0,5,0,4,0,6,0,1,1,"B"
"254","1988","sarr",4,0,0,6,3,0,1,6,-1,0,-1,"B"
"255","1990","sarr",0,3,2,5,1,3,0,6,2,1,3,"B"
"256","852","sarr",0,0,7,3,0,1,4,5,3,2,5,"B"
"257","853","sarr",0,0,5,5,0,2,0,8,5,3,8,"B"
"258","858","sarr",1,2,4,3,3,0,1,6,3,3,6,"B"
"259","860","sarr",1,1,2,6,0,1,1,8,1,2,3,"B"
"260","863","sarr",0,1,7,2,0,2,6,2,1,0,1,"B"
"261","866","sarr",3,4,0,3,1,1,0,8,0,5,5,"B"
"262","867","sarr",0,3,1,6,1,5,0,4,1,-2,-1,"B"
"263","868","sarr",0,2,4,4,2,1,2,5,2,1,3,"B"
"264","869","sarr",0,0,5,5,2,0,1,7,4,2,6,"B"
"265","870","sarr",0,0,6,4,1,0,3,6,3,2,5,"B"
"266","871","sarr",2,2,4,2,3,0,0,7,4,5,9,"B"
"267","872","sarr",3,1,2,4,4,0,0,6,2,2,4,"B"
"268","873","sarr",0,0,4,6,0,0,2,8,2,2,4,"B"
"269","879","sarr",0,1,3,6,1,2,4,3,-1,-3,-4,"B"
"270","880","sarr",2,0,4,4,2,0,1,7,3,3,6,"B"
"271","885","sarr",1,0,3,6,0,0,1,9,2,3,5,"B"
"272","886","sarr",2,2,3,3,0,6,1,3,2,0,2,"B"
"273","893","sarr",3,0,2,5,2,0,0,8,2,3,5,"B"
"274","895","sarr",0,2,4,4,0,2,2,6,2,2,4,"B"
"275","897","sarr",0,1,2,7,0,0,2,8,0,1,1,"B"
"276","899","sarr",3,0,0,7,0,2,0,8,0,1,1,"B"
"277","900","sarr",2,1,0,7,1,0,0,9,0,2,2,"B"
"278","902","sarr",1,5,1,3,0,4,3,3,-2,0,-2,"B"
"279","903","sarr",0,0,5,5,3,0,4,3,1,-2,-1,"B"
"280","904","sarr",3,0,1,6,3,0,2,5,-1,-1,-2,"B"
"281","905","sarr",0,1,3,6,0,0,1,9,2,3,5,"B"
"282","906","sarr",0,0,0,10,0,0,2,8,-2,-2,-4,"B"
"283","908","sarr",1,0,2,7,0,0,5,5,-3,-2,-5,"B"
"284","910","sarr",2,3,0,5,5,1,0,4,0,-1,-1,"B"
"285","914","sarr",0,0,1,9,1,0,0,9,1,0,1,"B"
"286","1676","sarr",1,0,4,5,2,1,2,5,2,0,2,"B"
"287","1677","sarr",2,0,3,5,3,0,2,5,1,0,1,"B"
"288","1678","sarr",1,0,1,8,1,1,2,6,-1,-2,-3,"B"
"289","1679","sarr",0,0,3,7,2,0,3,5,0,-2,-2,"B"
"290","1680","sarr",1,0,7,2,1,1,5,3,2,1,3,"B"
"291","1682","sarr",0,0,4,6,1,0,1,8,3,2,5,"B"
"292","1684","sarr",1,1,3,5,1,1,1,7,2,2,4,"B"
"293","1687","sarr",2,0,2,6,2,1,3,4,-1,-2,-3,"B"
"294","1688","sarr",2,0,6,2,2,0,5,3,1,1,2,"B"
"295","1691","sarr",3,0,3,4,2,1,2,5,1,1,2,"B"
"296","1693","sarr",3,1,2,4,1,1,0,8,2,4,6,"B"
"297","1694","sarr",2,1,2,5,1,0,4,5,-2,0,-2,"B"
"298","1699","sarr",0,0,1,9,0,0,3,7,-2,-2,-4,"B"
"299","1701","sarr",1,3,2,4,0,0,0,10,2,6,8,"B"
"300","1705","sarr",1,1,4,4,4,1,2,3,2,-1,1,"B"
"301","1706","sarr",0,0,2,8,0,2,0,8,2,0,2,"B"
"302","1707","sarr",0,0,3,7,0,0,0,10,3,3,6,"B"
"303","1709","sarr",0,1,1,8,0,1,2,7,-1,-1,-2,"B"
"304","1711","sarr",4,0,1,5,1,0,1,8,0,3,3,"B"
"305","1712","sarr",2,2,3,3,2,3,2,3,1,0,1,"B"
"306","1713","sarr",1,1,2,6,1,1,2,6,0,0,0,"B"
"307","1715","sarr",3,0,1,6,1,0,4,5,-3,-1,-4,"B"
"308","1720","sarr",0,0,5,5,1,0,3,6,2,1,3,"B"
"309","1721","sarr",1,0,2,7,1,0,0,9,2,2,4,"B"
"310","1722","sarr",3,2,0,5,4,1,1,4,-1,-1,-2,"B"
"311","1724","sarr",0,3,5,2,0,4,1,5,4,3,7,"B"
"312","1726","sarr",1,0,4,5,1,0,4,5,0,0,0,"B"
"313","1728","sarr",0,2,1,7,3,1,0,6,1,-1,0,"B"
"314","1734","sarr",2,0,6,2,0,0,7,3,-1,1,0,"B"
"315","1736","sarr",0,1,0,9,1,2,1,6,-1,-3,-4,"B"
"316","1742","sarr",0,0,1,9,0,0,4,6,-3,-3,-6,"B"
"317","1743","sarr",0,0,0,10,0,0,1,9,-1,-1,-2,"B"
"318","1746","sarr",0,1,1,8,0,0,1,9,0,1,1,"B"
"319","1747","sarr",0,4,1,5,0,3,3,4,-2,-1,-3,"B"
"320","1748","sarr",1,0,6,3,1,0,5,4,1,1,2,"B"
"321","1749","sarr",1,0,5,4,0,0,3,7,2,3,5,"B"
"322","1751","sarr",1,0,5,4,2,0,4,4,1,0,1,"B"
"323","1752","sarr",1,0,3,6,0,2,3,5,0,-1,-1,"B"
"324","1755","sarr",2,0,5,3,1,1,4,4,1,1,2,"B"
"325","1756","sarr",0,2,1,7,1,1,0,8,1,1,2,"B"
"326","1759","sarr",0,2,5,3,0,2,3,5,2,2,4,"B"
"327","1761","sarr",2,0,1,7,2,0,2,6,-1,-1,-2,"B"
"328","1949","sarr",3,0,2,5,1,0,0,9,2,4,6,"B"
"329","1953","sarr",0,0,1,9,1,3,0,6,1,-3,-2,"B"
"330","1954","sarr",0,1,5,4,0,2,2,6,3,2,5,"B"
"331","1955","sarr",2,1,1,6,2,3,3,2,-2,-4,-6,"B"
"332","1958","sarr",0,1,0,9,1,1,0,8,0,-1,-1,"B"
"333","1960","sarr",1,0,1,8,2,0,2,6,-1,-2,-3,"B"
"334","1962","sarr",0,2,3,5,0,3,4,3,-1,-2,-3,"B"
"335","1963","sarr",1,0,4,5,0,0,1,9,3,4,7,"B"
"336","1965","sarr",0,0,6,4,0,0,3,7,3,3,6,"B"
"337","1966","sarr",0,1,0,9,0,0,0,10,0,1,1,"B"
"338","1967","sarr",4,0,2,4,2,0,1,7,1,3,4,"B"
"339","1969","sarr",0,0,2,8,0,1,1,8,1,0,1,"B"
"340","1970","sarr",0,0,5,5,2,2,2,4,3,-1,2,"B"
"341","1971","sarr",1,0,4,5,2,0,3,5,1,0,1,"B"
"342","1975","sarr",1,0,5,4,1,0,3,6,2,2,4,"B"
"343","1976","sarr",1,0,4,5,0,0,3,7,1,2,3,"B"
"344","1977","sarr",2,1,3,4,1,2,1,6,2,2,4,"B"
"345","1979","sarr",0,0,6,4,0,0,4,6,2,2,4,"B"
"346","1980","sarr",1,2,1,6,1,2,2,5,-1,-1,-2,"B"
"347","1982","sarr",1,0,5,4,0,1,4,5,1,1,2,"B"
"348","1986","sarr",2,3,0,5,0,4,0,6,0,1,1,"B"
"349","1988","sarr",4,0,0,6,3,0,1,6,-1,0,-1,"B"
"350","1990","sarr",0,3,2,5,1,3,0,6,2,1,3,"B"
"351","852","sarr",0,0,7,3,0,1,4,5,3,2,5,"B"
"352","853","sarr",0,0,5,5,0,2,0,8,5,3,8,"B"
"353","858","sarr",1,2,4,3,3,0,1,6,3,3,6,"B"
"354","860","sarr",1,1,2,6,0,1,1,8,1,2,3,"B"
"355","863","sarr",0,1,7,2,0,2,6,2,1,0,1,"B"
"356","866","sarr",3,4,0,3,1,1,0,8,0,5,5,"B"
"357","867","sarr",0,3,1,6,1,5,0,4,1,-2,-1,"B"
"358","868","sarr",0,2,4,4,2,1,2,5,2,1,3,"B"
"359","869","sarr",0,0,5,5,2,0,1,7,4,2,6,"B"
"360","870","sarr",0,0,6,4,1,0,3,6,3,2,5,"B"
"361","871","sarr",2,2,4,2,3,0,0,7,4,5,9,"B"
"362","872","sarr",3,1,2,4,4,0,0,6,2,2,4,"B"
"363","873","sarr",0,0,4,6,0,0,2,8,2,2,4,"B"
"364","879","sarr",0,1,3,6,1,2,4,3,-1,-3,-4,"B"
"365","880","sarr",2,0,4,4,2,0,1,7,3,3,6,"B"
"366","885","sarr",1,0,3,6,0,0,1,9,2,3,5,"B"
"367","886","sarr",2,2,3,3,0,6,1,3,2,0,2,"B"
"368","893","sarr",3,0,2,5,2,0,0,8,2,3,5,"B"
"369","895","sarr",0,2,4,4,0,2,2,6,2,2,4,"B"
"370","897","sarr",0,1,2,7,0,0,2,8,0,1,1,"B"
"371","899","sarr",3,0,0,7,0,2,0,8,0,1,1,"B"
"372","900","sarr",2,1,0,7,1,0,0,9,0,2,2,"B"
"373","902","sarr",1,5,1,3,0,4,3,3,-2,0,-2,"B"
"374","903","sarr",0,0,5,5,3,0,4,3,1,-2,-1,"B"
"375","904","sarr",3,0,1,6,3,0,2,5,-1,-1,-2,"B"
"376","905","sarr",0,1,3,6,0,0,1,9,2,3,5,"B"
"377","906","sarr",0,0,0,10,0,0,2,8,-2,-2,-4,"B"
"378","908","sarr",1,0,2,7,0,0,5,5,-3,-2,-5,"B"
"379","910","sarr",2,3,0,5,5,1,0,4,0,-1,-1,"B"
"380","914","sarr",0,0,1,9,1,0,0,9,1,0,1,"B"
"381","1676","sarrsha",2,0,4,4,2,1,5,2,-1,-2,-3,"C"
"382","1677","sarrsha",4,0,4,2,0,1,6,3,-2,1,-1,"C"
"383","1678","sarrsha",1,0,5,4,2,1,5,2,0,-2,-2,"C"
"384","1679","sarrsha",0,0,7,3,1,0,7,2,0,-1,-1,"C"
"385","1680","sarrsha",3,0,5,2,2,1,6,1,-1,-1,-2,"C"
"386","1682","sarrsha",0,0,3,7,1,0,1,8,2,1,3,"C"
"387","1684","sarrsha",2,1,6,1,0,1,7,2,-1,1,0,"C"
"388","1687","sarrsha",4,0,5,1,2,1,4,3,1,2,3,"C"
"389","1688","sarrsha",1,1,4,4,4,1,3,2,1,-2,-1,"C"
"390","1691","sarrsha",3,1,4,2,2,1,5,2,-1,0,-1,"C"
"391","1693","sarrsha",2,0,1,7,0,1,4,5,-3,-2,-5,"C"
"392","1694","sarrsha",0,0,3,7,0,1,2,7,1,0,1,"C"
"393","1699","sarrsha",4,0,5,1,4,0,3,3,2,2,4,"C"
"394","1701","sarrsha",3,4,1,2,1,3,3,3,-2,1,-1,"C"
"395","1705","sarrsha",0,1,3,6,0,0,6,4,-3,-2,-5,"C"
"396","1706","sarrsha",0,1,9,0,0,1,7,2,2,2,4,"C"
"397","1707","sarrsha",0,0,4,6,0,1,1,8,3,2,5,"C"
"398","1709","sarrsha",0,1,5,4,0,1,6,3,-1,-1,-2,"C"
"399","1711","sarrsha",2,0,1,7,0,1,2,7,-1,0,-1,"C"
"400","1712","sarrsha",1,1,5,3,1,3,2,4,3,1,4,"C"
"401","1713","sarrsha",1,1,3,5,2,2,2,4,1,-1,0,"C"
"402","1715","sarrsha",3,0,4,3,3,0,3,4,1,1,2,"C"
"403","1720","sarrsha",0,0,5,5,2,0,4,4,1,-1,0,"C"
"404","1721","sarrsha",4,0,3,3,5,1,3,1,0,-2,-2,"C"
"405","1722","sarrsha",5,0,2,3,5,1,2,2,0,-1,-1,"C"
"406","1724","sarrsha",0,5,2,3,1,4,2,3,0,0,0,"C"
"407","1726","sarrsha",2,0,5,3,2,0,5,3,0,0,0,"C"
"408","1728","sarrsha",3,1,5,1,4,1,3,2,2,1,3,"C"
"409","1734","sarrsha",2,0,8,0,0,1,9,0,-1,0,-1,"C"
"410","1736","sarrsha",2,0,2,6,4,2,1,3,1,-3,-2,"C"
"411","1742","sarrsha",1,0,4,5,0,0,7,3,-3,-2,-5,"C"
"412","1743","sarrsha",0,0,4,6,0,0,3,7,1,1,2,"C"
"413","1746","sarrsha",0,0,4,6,0,1,3,6,1,0,1,"C"
"414","1747","sarrsha",0,2,7,1,1,3,6,0,1,-1,0,"C"
"415","1748","sarrsha",0,0,7,3,0,0,8,2,-1,-1,-2,"C"
"416","1749","sarrsha",2,0,6,2,0,0,6,4,0,2,2,"C"
"417","1751","sarrsha",3,0,5,2,4,0,2,4,3,2,5,"C"
"418","1752","sarrsha",1,3,4,2,1,4,3,2,1,0,1,"C"
"419","1755","sarrsha",0,1,7,2,2,1,5,2,2,0,2,"C"
"420","1756","sarrsha",1,1,3,5,0,1,4,5,-1,0,-1,"C"
"421","1759","sarrsha",0,2,4,4,0,2,5,3,-1,-1,-2,"C"
"422","1761","sarrsha",2,0,1,7,0,1,1,8,0,1,1,"C"
"423","1949","sarrsha",2,0,3,5,2,0,2,6,1,1,2,"C"
"424","1953","sarrsha",0,3,3,4,0,3,2,5,1,1,2,"C"
"425","1954","sarrsha",1,1,6,2,2,1,1,6,5,4,9,"C"
"426","1955","sarrsha",2,4,3,1,1,3,4,2,-1,1,0,"C"
"427","1958","sarrsha",1,2,1,6,2,0,1,7,0,1,1,"C"
"428","1960","sarrsha",0,1,5,4,1,2,0,7,5,3,8,"C"
"429","1962","sarrsha",0,3,4,3,1,3,3,3,1,0,1,"C"
"430","1963","sarrsha",2,0,3,5,0,1,3,6,0,1,1,"C"
"431","1965","sarrsha",0,0,7,3,0,0,7,3,0,0,0,"C"
"432","1966","sarrsha",0,0,6,4,2,1,1,6,5,2,7,"C"
"433","1967","sarrsha",2,1,1,6,0,2,0,8,1,2,3,"C"
"434","1969","sarrsha",0,0,3,7,1,0,3,6,0,-1,-1,"C"
"435","1970","sarrsha",0,2,7,1,0,2,3,5,4,4,8,"C"
"436","1971","sarrsha",1,0,4,5,1,1,4,4,0,-1,-1,"C"
"437","1975","sarrsha",3,0,4,3,1,1,4,4,0,1,1,"C"
"438","1976","sarrsha",0,0,3,7,2,2,2,4,1,-3,-2,"C"
"439","1977","sarrsha",3,0,3,4,2,1,4,3,-1,-1,-2,"C"
"440","1979","sarrsha",1,0,5,4,0,2,7,1,-2,-3,-5,"C"
"441","1980","sarrsha",0,2,7,1,0,2,3,5,4,4,8,"C"
"442","1982","sarrsha",2,0,6,2,0,1,8,1,-2,-1,-3,"C"
"443","1986","sarrsha",0,2,4,4,0,3,4,3,0,-1,-1,"C"
"444","1988","sarrsha",2,0,0,8,3,1,1,5,-1,-3,-4,"C"
"445","1990","sarrsha",1,1,5,3,3,5,2,0,3,-3,0,"C"
"446","852","sarrsha",3,1,6,0,1,1,7,1,-1,1,0,"C"
"447","853","sarrsha",0,0,5,5,1,1,2,6,3,1,4,"C"
"448","858","sarrsha",2,1,2,5,2,4,0,4,2,-1,1,"C"
"449","860","sarrsha",1,1,2,6,0,0,4,6,-2,0,-2,"C"
"450","863","sarrsha",1,3,3,3,2,1,6,1,-3,-2,-5,"C"
"451","866","sarrsha",0,5,0,5,1,1,3,5,-3,0,-3,"C"
"452","867","sarrsha",1,2,7,0,0,2,6,2,1,2,3,"C"
"453","868","sarrsha",1,2,4,3,3,1,5,1,-1,-2,-3,"C"
"454","869","sarrsha",3,0,4,3,1,1,5,3,-1,0,-1,"C"
"455","870","sarrsha",0,0,7,3,1,0,5,4,2,1,3,"C"
"456","871","sarrsha",0,1,9,0,2,2,5,1,4,1,5,"C"
"457","872","sarrsha",2,1,2,5,1,0,6,3,-4,-2,-6,"C"
"458","873","sarrsha",0,0,9,1,0,1,5,4,4,3,7,"C"
"459","879","sarrsha",0,1,4,5,1,1,4,4,0,-1,-1,"C"
"460","880","sarrsha",1,0,4,5,0,1,3,6,1,1,2,"C"
"461","885","sarrsha",1,0,5,4,0,1,6,3,-1,-1,-2,"C"
"462","886","sarrsha",5,2,1,2,1,6,0,3,1,1,2,"C"
"463","893","sarrsha",0,1,4,5,2,1,1,6,3,1,4,"C"
"464","895","sarrsha",0,2,2,6,0,4,4,2,-2,-4,-6,"C"
"465","897","sarrsha",0,0,4,6,2,1,2,5,2,-1,1,"C"
"466","899","sarrsha",2,4,1,3,2,4,1,3,0,0,0,"C"
"467","900","sarrsha",0,0,2,8,1,3,2,4,0,-4,-4,"C"
"468","902","sarrsha",0,2,6,2,1,4,5,0,1,-2,-1,"C"
"469","903","sarrsha",0,0,3,7,0,1,2,7,1,0,1,"C"
"470","904","sarrsha",4,0,3,3,1,1,1,7,2,4,6,"C"
"471","905","sarrsha",1,0,5,4,0,2,4,4,1,0,1,"C"
"472","906","sarrsha",0,0,5,5,0,1,8,1,-3,-4,-7,"C"
"473","908","sarrsha",0,2,5,3,0,0,7,3,-2,0,-2,"C"
"474","910","sarrsha",4,2,1,3,3,4,0,3,1,0,1,"C"
"475","914","sarrsha",0,1,3,6,1,1,4,4,-1,-2,-3,"C"
"476","1676","sarrsha",2,0,4,4,2,1,5,2,-1,-2,-3,"C"
"477","1677","sarrsha",4,0,4,2,0,1,6,3,-2,1,-1,"C"
"478","1678","sarrsha",1,0,5,4,2,1,5,2,0,-2,-2,"C"
"479","1679","sarrsha",0,0,7,3,1,0,7,2,0,-1,-1,"C"
"480","1680","sarrsha",3,0,5,2,2,1,6,1,-1,-1,-2,"C"
"481","1682","sarrsha",0,0,3,7,1,0,1,8,2,1,3,"C"
"482","1684","sarrsha",2,1,6,1,0,1,7,2,-1,1,0,"C"
"483","1687","sarrsha",4,0,5,1,2,1,4,3,1,2,3,"C"
"484","1688","sarrsha",1,1,4,4,4,1,3,2,1,-2,-1,"C"
"485","1691","sarrsha",3,1,4,2,2,1,5,2,-1,0,-1,"C"
"486","1693","sarrsha",2,0,1,7,0,1,4,5,-3,-2,-5,"C"
"487","1694","sarrsha",0,0,3,7,0,1,2,7,1,0,1,"C"
"488","1699","sarrsha",4,0,5,1,4,0,3,3,2,2,4,"C"
"489","1701","sarrsha",3,4,1,2,1,3,3,3,-2,1,-1,"C"
"490","1705","sarrsha",0,1,3,6,0,0,6,4,-3,-2,-5,"C"
"491","1706","sarrsha",0,1,9,0,0,1,7,2,2,2,4,"C"
"492","1707","sarrsha",0,0,4,6,0,1,1,8,3,2,5,"C"
"493","1709","sarrsha",0,1,5,4,0,1,6,3,-1,-1,-2,"C"
"494","1711","sarrsha",2,0,1,7,0,1,2,7,-1,0,-1,"C"
"495","1712","sarrsha",1,1,5,3,1,3,2,4,3,1,4,"C"
"496","1713","sarrsha",1,1,3,5,2,2,2,4,1,-1,0,"C"
"497","1715","sarrsha",3,0,4,3,3,0,3,4,1,1,2,"C"
"498","1720","sarrsha",0,0,5,5,2,0,4,4,1,-1,0,"C"
"499","1721","sarrsha",4,0,3,3,5,1,3,1,0,-2,-2,"C"
"500","1722","sarrsha",5,0,2,3,5,1,2,2,0,-1,-1,"C"
"501","1724","sarrsha",0,5,2,3,1,4,2,3,0,0,0,"C"
"502","1726","sarrsha",2,0,5,3,2,0,5,3,0,0,0,"C"
"503","1728","sarrsha",3,1,5,1,4,1,3,2,2,1,3,"C"
"504","1734","sarrsha",2,0,8,0,0,1,9,0,-1,0,-1,"C"
"505","1736","sarrsha",2,0,2,6,4,2,1,3,1,-3,-2,"C"
"506","1742","sarrsha",1,0,4,5,0,0,7,3,-3,-2,-5,"C"
"507","1743","sarrsha",0,0,4,6,0,0,3,7,1,1,2,"C"
"508","1746","sarrsha",0,0,4,6,0,1,3,6,1,0,1,"C"
"509","1747","sarrsha",0,2,7,1,1,3,6,0,1,-1,0,"C"
"510","1748","sarrsha",0,0,7,3,0,0,8,2,-1,-1,-2,"C"
"511","1749","sarrsha",2,0,6,2,0,0,6,4,0,2,2,"C"
"512","1751","sarrsha",3,0,5,2,4,0,2,4,3,2,5,"C"
"513","1752","sarrsha",1,3,4,2,1,4,3,2,1,0,1,"C"
"514","1755","sarrsha",0,1,7,2,2,1,5,2,2,0,2,"C"
"515","1756","sarrsha",1,1,3,5,0,1,4,5,-1,0,-1,"C"
"516","1759","sarrsha",0,2,4,4,0,2,5,3,-1,-1,-2,"C"
"517","1761","sarrsha",2,0,1,7,0,1,1,8,0,1,1,"C"
"518","1949","sarrsha",2,0,3,5,2,0,2,6,1,1,2,"C"
"519","1953","sarrsha",0,3,3,4,0,3,2,5,1,1,2,"C"
"520","1954","sarrsha",1,1,6,2,2,1,1,6,5,4,9,"C"
"521","1955","sarrsha",2,4,3,1,1,3,4,2,-1,1,0,"C"
"522","1958","sarrsha",1,2,1,6,2,0,1,7,0,1,1,"C"
"523","1960","sarrsha",0,1,5,4,1,2,0,7,5,3,8,"C"
"524","1962","sarrsha",0,3,4,3,1,3,3,3,1,0,1,"C"
"525","1963","sarrsha",2,0,3,5,0,1,3,6,0,1,1,"C"
"526","1965","sarrsha",0,0,7,3,0,0,7,3,0,0,0,"C"
"527","1966","sarrsha",0,0,6,4,2,1,1,6,5,2,7,"C"
"528","1967","sarrsha",2,1,1,6,0,2,0,8,1,2,3,"C"
"529","1969","sarrsha",0,0,3,7,1,0,3,6,0,-1,-1,"C"
"530","1970","sarrsha",0,2,7,1,0,2,3,5,4,4,8,"C"
"531","1971","sarrsha",1,0,4,5,1,1,4,4,0,-1,-1,"C"
"532","1975","sarrsha",3,0,4,3,1,1,4,4,0,1,1,"C"
"533","1976","sarrsha",0,0,3,7,2,2,2,4,1,-3,-2,"C"
"534","1977","sarrsha",3,0,3,4,2,1,4,3,-1,-1,-2,"C"
"535","1979","sarrsha",1,0,5,4,0,2,7,1,-2,-3,-5,"C"
"536","1980","sarrsha",0,2,7,1,0,2,3,5,4,4,8,"C"
"537","1982","sarrsha",2,0,6,2,0,1,8,1,-2,-1,-3,"C"
"538","1986","sarrsha",0,2,4,4,0,3,4,3,0,-1,-1,"C"
"539","1988","sarrsha",2,0,0,8,3,1,1,5,-1,-3,-4,"C"
"540","1990","sarrsha",1,1,5,3,3,5,2,0,3,-3,0,"C"
"541","852","sarrsha",3,1,6,0,1,1,7,1,-1,1,0,"C"
"542","853","sarrsha",0,0,5,5,1,1,2,6,3,1,4,"C"
"543","858","sarrsha",2,1,2,5,2,4,0,4,2,-1,1,"C"
"544","860","sarrsha",1,1,2,6,0,0,4,6,-2,0,-2,"C"
"545","863","sarrsha",1,3,3,3,2,1,6,1,-3,-2,-5,"C"
"546","866","sarrsha",0,5,0,5,1,1,3,5,-3,0,-3,"C"
"547","867","sarrsha",1,2,7,0,0,2,6,2,1,2,3,"C"
"548","868","sarrsha",1,2,4,3,3,1,5,1,-1,-2,-3,"C"
"549","869","sarrsha",3,0,4,3,1,1,5,3,-1,0,-1,"C"
"550","870","sarrsha",0,0,7,3,1,0,5,4,2,1,3,"C"
"551","871","sarrsha",0,1,9,0,2,2,5,1,4,1,5,"C"
"552","872","sarrsha",2,1,2,5,1,0,6,3,-4,-2,-6,"C"
"553","873","sarrsha",0,0,9,1,0,1,5,4,4,3,7,"C"
"554","879","sarrsha",0,1,4,5,1,1,4,4,0,-1,-1,"C"
"555","880","sarrsha",1,0,4,5,0,1,3,6,1,1,2,"C"
"556","885","sarrsha",1,0,5,4,0,1,6,3,-1,-1,-2,"C"
"557","886","sarrsha",5,2,1,2,1,6,0,3,1,1,2,"C"
"558","893","sarrsha",0,1,4,5,2,1,1,6,3,1,4,"C"
"559","895","sarrsha",0,2,2,6,0,4,4,2,-2,-4,-6,"C"
"560","897","sarrsha",0,0,4,6,2,1,2,5,2,-1,1,"C"
"561","899","sarrsha",2,4,1,3,2,4,1,3,0,0,0,"C"
"562","900","sarrsha",0,0,2,8,1,3,2,4,0,-4,-4,"C"
"563","902","sarrsha",0,2,6,2,1,4,5,0,1,-2,-1,"C"
"564","903","sarrsha",0,0,3,7,0,1,2,7,1,0,1,"C"
"565","904","sarrsha",4,0,3,3,1,1,1,7,2,4,6,"C"
"566","905","sarrsha",1,0,5,4,0,2,4,4,1,0,1,"C"
"567","906","sarrsha",0,0,5,5,0,1,8,1,-3,-4,-7,"C"
"568","908","sarrsha",0,2,5,3,0,0,7,3,-2,0,-2,"C"
"569","910","sarrsha",4,2,1,3,3,4,0,3,1,0,1,"C"
"570","914","sarrsha",0,1,3,6,1,1,4,4,-1,-2,-3,"C"
"571","1676","sarrcol",0,1,5,4,2,0,6,2,-1,-2,-3,"D"
"572","1677","sarrcol",3,0,2,5,2,0,3,5,-1,0,-1,"D"
"573","1678","sarrcol",0,0,2,8,2,0,2,6,0,-2,-2,"D"
"574","1679","sarrcol",1,0,7,2,0,0,7,3,0,1,1,"D"
"575","1680","sarrcol",2,0,5,3,1,0,5,4,0,1,1,"D"
"576","1682","sarrcol",0,0,6,4,1,0,6,3,0,-1,-1,"D"
"577","1684","sarrcol",1,1,5,3,1,6,1,2,4,-1,3,"D"
"578","1687","sarrcol",0,1,5,4,3,1,1,5,4,1,5,"D"
"579","1688","sarrcol",1,1,4,4,1,1,5,3,-1,-1,-2,"D"
"580","1691","sarrcol",3,0,5,2,2,1,5,2,0,0,0,"D"
"581","1693","sarrcol",1,0,1,8,2,0,1,7,0,-1,-1,"D"
"582","1694","sarrcol",1,0,5,4,1,1,5,3,0,-1,-1,"D"
"583","1699","sarrcol",0,0,6,4,4,0,3,3,3,-1,2,"D"
"584","1701","sarrcol",0,1,4,5,2,2,0,6,4,1,5,"D"
"585","1705","sarrcol",0,0,5,5,1,0,6,3,-1,-2,-3,"D"
"586","1706","sarrcol",1,1,2,6,0,4,0,6,2,0,2,"D"
"587","1707","sarrcol",0,1,0,9,0,0,0,10,0,1,1,"D"
"588","1709","sarrcol",0,3,2,5,0,0,3,7,-1,2,1,"D"
"589","1711","sarrcol",0,0,4,6,2,0,6,2,-2,-4,-6,"D"
"590","1712","sarrcol",1,3,1,5,0,1,4,5,-3,0,-3,"D"
"591","1713","sarrcol",2,0,4,4,3,0,5,2,-1,-2,-3,"D"
"592","1715","sarrcol",4,0,1,5,1,1,6,2,-5,-3,-8,"D"
"593","1720","sarrcol",0,0,6,4,0,1,5,4,1,0,1,"D"
"594","1721","sarrcol",1,0,2,7,1,0,0,9,2,2,4,"D"
"595","1722","sarrcol",1,2,1,6,1,0,2,7,-1,1,0,"D"
"596","1724","sarrcol",0,2,4,4,1,2,4,3,0,-1,-1,"D"
"597","1726","sarrcol",1,0,5,4,0,1,2,7,3,3,6,"D"
"598","1728","sarrcol",1,1,1,7,0,2,1,7,0,0,0,"D"
"599","1734","sarrcol",1,1,6,2,0,0,7,3,-1,1,0,"D"
"600","1736","sarrcol",0,1,3,6,1,1,0,8,3,2,5,"D"
"601","1742","sarrcol",1,0,4,5,0,1,6,3,-2,-2,-4,"D"
"602","1743","sarrcol",0,0,7,3,0,0,9,1,-2,-2,-4,"D"
"603","1746","sarrcol",0,1,1,8,1,1,1,7,0,-1,-1,"D"
"604","1747","sarrcol",1,0,4,5,0,2,6,2,-2,-3,-5,"D"
"605","1748","sarrcol",0,1,2,7,0,0,7,3,-5,-4,-9,"D"
"606","1749","sarrcol",0,0,4,6,0,0,4,6,0,0,0,"D"
"607","1751","sarrcol",2,1,3,4,0,0,6,4,-3,0,-3,"D"
"608","1752","sarrcol",0,2,6,2,0,4,4,2,2,0,2,"D"
"609","1755","sarrcol",1,1,2,6,1,1,7,1,-5,-5,-10,"D"
"610","1756","sarrcol",0,0,1,9,0,1,1,8,0,-1,-1,"D"
"611","1759","sarrcol",1,1,6,2,0,2,7,1,-1,-1,-2,"D"
"612","1761","sarrcol",1,2,2,5,2,0,4,4,-2,-1,-3,"D"
"613","1949","sarrcol",3,0,3,4,0,0,1,9,2,5,7,"D"
"614","1953","sarrcol",0,1,3,6,1,1,4,4,-1,-2,-3,"D"
"615","1954","sarrcol",1,1,3,5,2,1,3,4,0,-1,-1,"D"
"616","1955","sarrcol",1,1,1,7,2,2,1,5,0,-2,-2,"D"
"617","1958","sarrcol",2,1,1,6,1,1,1,7,0,1,1,"D"
"618","1960","sarrcol",0,1,4,5,0,1,1,8,3,3,6,"D"
"619","1962","sarrcol",1,0,5,4,0,2,3,5,2,1,3,"D"
"620","1963","sarrcol",0,1,4,5,0,0,2,8,2,3,5,"D"
"621","1965","sarrcol",1,0,2,7,0,1,6,3,-4,-4,-8,"D"
"622","1966","sarrcol",1,2,1,6,0,1,1,8,0,2,2,"D"
"623","1967","sarrcol",4,1,1,4,0,1,7,2,-6,-2,-8,"D"
"624","1969","sarrcol",2,0,3,5,1,0,0,9,3,4,7,"D"
"625","1970","sarrcol",0,1,6,3,1,1,3,5,3,2,5,"D"
"626","1971","sarrcol",0,0,4,6,0,0,3,7,1,1,2,"D"
"627","1975","sarrcol",0,0,4,6,0,0,4,6,0,0,0,"D"
"628","1976","sarrcol",0,2,3,5,0,0,2,8,1,3,4,"D"
"629","1977","sarrcol",2,1,5,2,0,0,6,4,-1,2,1,"D"
"630","1979","sarrcol",0,0,7,3,0,0,4,6,3,3,6,"D"
"631","1980","sarrcol",0,3,6,1,0,2,5,3,1,2,3,"D"
"632","1982","sarrcol",2,0,5,3,2,2,2,4,3,1,4,"D"
"633","1986","sarrcol",0,2,3,5,0,2,5,3,-2,-2,-4,"D"
"634","1988","sarrcol",1,0,3,6,4,0,1,5,2,-1,1,"D"
"635","1990","sarrcol",0,4,3,3,1,3,1,5,2,2,4,"D"
"636","852","sarrcol",1,0,6,3,0,0,8,2,-2,-1,-3,"D"
"637","853","sarrcol",0,0,8,2,0,0,5,5,3,3,6,"D"
"638","858","sarrcol",1,2,2,5,3,0,4,3,-2,-2,-4,"D"
"639","860","sarrcol",0,0,4,6,0,0,2,8,2,2,4,"D"
"640","863","sarrcol",1,3,4,2,0,3,6,1,-2,-1,-3,"D"
"641","866","sarrcol",3,1,0,6,3,3,0,4,0,-2,-2,"D"
"642","867","sarrcol",0,2,1,7,1,3,1,5,0,-2,-2,"D"
"643","868","sarrcol",0,2,5,3,1,1,4,4,1,1,2,"D"
"644","869","sarrcol",1,0,5,4,3,0,4,3,1,-1,0,"D"
"645","870","sarrcol",0,1,4,5,0,1,4,5,0,0,0,"D"
"646","871","sarrcol",1,1,4,4,1,0,3,6,1,2,3,"D"
"647","872","sarrcol",2,0,1,7,1,0,4,5,-3,-2,-5,"D"
"648","873","sarrcol",2,0,4,4,1,0,4,5,0,1,1,"D"
"649","879","sarrcol",1,2,4,3,1,2,1,6,3,3,6,"D"
"650","880","sarrcol",1,0,5,4,2,0,2,6,3,2,5,"D"
"651","885","sarrcol",0,0,3,7,0,0,2,8,1,1,2,"D"
"652","886","sarrcol",3,2,3,2,3,3,2,2,1,0,1,"D"
"653","893","sarrcol",1,0,4,5,0,0,3,7,1,2,3,"D"
"654","895","sarrcol",0,0,2,8,2,2,3,3,-1,-5,-6,"D"
"655","897","sarrcol",2,1,5,2,1,0,4,5,1,3,4,"D"
"656","899","sarrcol",2,1,2,5,1,1,0,8,2,3,5,"D"
"657","900","sarrcol",2,1,3,4,3,1,1,5,2,1,3,"D"
"658","902","sarrcol",1,1,2,6,0,5,4,1,-2,-5,-7,"D"
"659","903","sarrcol",1,1,1,7,1,0,5,4,-4,-3,-7,"D"
"660","904","sarrcol",4,0,2,4,1,1,3,5,-1,1,0,"D"
"661","905","sarrcol",1,0,5,4,2,0,1,7,4,3,7,"D"
"662","906","sarrcol",1,0,2,7,0,0,1,9,1,2,3,"D"
"663","908","sarrcol",0,0,6,4,0,0,6,4,0,0,0,"D"
"664","910","sarrcol",2,1,1,6,0,0,2,8,-1,2,1,"D"
"665","914","sarrcol",0,0,4,6,0,1,3,6,1,0,1,"D"
"666","1676","sarrcol",0,1,5,4,2,0,6,2,-1,-2,-3,"D"
"667","1677","sarrcol",3,0,2,5,2,0,3,5,-1,0,-1,"D"
"668","1678","sarrcol",0,0,2,8,2,0,2,6,0,-2,-2,"D"
"669","1679","sarrcol",1,0,7,2,0,0,7,3,0,1,1,"D"
"670","1680","sarrcol",2,0,5,3,1,0,5,4,0,1,1,"D"
"671","1682","sarrcol",0,0,6,4,1,0,6,3,0,-1,-1,"D"
"672","1684","sarrcol",1,1,5,3,1,6,1,2,4,-1,3,"D"
"673","1687","sarrcol",0,1,5,4,3,1,1,5,4,1,5,"D"
"674","1688","sarrcol",1,1,4,4,1,1,5,3,-1,-1,-2,"D"
"675","1691","sarrcol",3,0,5,2,2,1,5,2,0,0,0,"D"
"676","1693","sarrcol",1,0,1,8,2,0,1,7,0,-1,-1,"D"
"677","1694","sarrcol",1,0,5,4,1,1,5,3,0,-1,-1,"D"
"678","1699","sarrcol",0,0,6,4,4,0,3,3,3,-1,2,"D"
"679","1701","sarrcol",0,1,4,5,2,2,0,6,4,1,5,"D"
"680","1705","sarrcol",0,0,5,5,1,0,6,3,-1,-2,-3,"D"
"681","1706","sarrcol",1,1,2,6,0,4,0,6,2,0,2,"D"
"682","1707","sarrcol",0,1,0,9,0,0,0,10,0,1,1,"D"
"683","1709","sarrcol",0,3,2,5,0,0,3,7,-1,2,1,"D"
"684","1711","sarrcol",0,0,4,6,2,0,6,2,-2,-4,-6,"D"
"685","1712","sarrcol",1,3,1,5,0,1,4,5,-3,0,-3,"D"
"686","1713","sarrcol",2,0,4,4,3,0,5,2,-1,-2,-3,"D"
"687","1715","sarrcol",4,0,1,5,1,1,6,2,-5,-3,-8,"D"
"688","1720","sarrcol",0,0,6,4,0,1,5,4,1,0,1,"D"
"689","1721","sarrcol",1,0,2,7,1,0,0,9,2,2,4,"D"
"690","1722","sarrcol",1,2,1,6,1,0,2,7,-1,1,0,"D"
"691","1724","sarrcol",0,2,4,4,1,2,4,3,0,-1,-1,"D"
"692","1726","sarrcol",1,0,5,4,0,1,2,7,3,3,6,"D"
"693","1728","sarrcol",1,1,1,7,0,2,1,7,0,0,0,"D"
"694","1734","sarrcol",1,1,6,2,0,0,7,3,-1,1,0,"D"
"695","1736","sarrcol",0,1,3,6,1,1,0,8,3,2,5,"D"
"696","1742","sarrcol",1,0,4,5,0,1,6,3,-2,-2,-4,"D"
"697","1743","sarrcol",0,0,7,3,0,0,9,1,-2,-2,-4,"D"
"698","1746","sarrcol",0,1,1,8,1,1,1,7,0,-1,-1,"D"
"699","1747","sarrcol",1,0,4,5,0,2,6,2,-2,-3,-5,"D"
"700","1748","sarrcol",0,1,2,7,0,0,7,3,-5,-4,-9,"D"
"701","1749","sarrcol",0,0,4,6,0,0,4,6,0,0,0,"D"
"702","1751","sarrcol",2,1,3,4,0,0,6,4,-3,0,-3,"D"
"703","1752","sarrcol",0,2,6,2,0,4,4,2,2,0,2,"D"
"704","1755","sarrcol",1,1,2,6,1,1,7,1,-5,-5,-10,"D"
"705","1756","sarrcol",0,0,1,9,0,1,1,8,0,-1,-1,"D"
"706","1759","sarrcol",1,1,6,2,0,2,7,1,-1,-1,-2,"D"
"707","1761","sarrcol",1,2,2,5,2,0,4,4,-2,-1,-3,"D"
"708","1949","sarrcol",3,0,3,4,0,0,1,9,2,5,7,"D"
"709","1953","sarrcol",0,1,3,6,1,1,4,4,-1,-2,-3,"D"
"710","1954","sarrcol",1,1,3,5,2,1,3,4,0,-1,-1,"D"
"711","1955","sarrcol",1,1,1,7,2,2,1,5,0,-2,-2,"D"
"712","1958","sarrcol",2,1,1,6,1,1,1,7,0,1,1,"D"
"713","1960","sarrcol",0,1,4,5,0,1,1,8,3,3,6,"D"
"714","1962","sarrcol",1,0,5,4,0,2,3,5,2,1,3,"D"
"715","1963","sarrcol",0,1,4,5,0,0,2,8,2,3,5,"D"
"716","1965","sarrcol",1,0,2,7,0,1,6,3,-4,-4,-8,"D"
"717","1966","sarrcol",1,2,1,6,0,1,1,8,0,2,2,"D"
"718","1967","sarrcol",4,1,1,4,0,1,7,2,-6,-2,-8,"D"
"719","1969","sarrcol",2,0,3,5,1,0,0,9,3,4,7,"D"
"720","1970","sarrcol",0,1,6,3,1,1,3,5,3,2,5,"D"
"721","1971","sarrcol",0,0,4,6,0,0,3,7,1,1,2,"D"
"722","1975","sarrcol",0,0,4,6,0,0,4,6,0,0,0,"D"
"723","1976","sarrcol",0,2,3,5,0,0,2,8,1,3,4,"D"
"724","1977","sarrcol",2,1,5,2,0,0,6,4,-1,2,1,"D"
"725","1979","sarrcol",0,0,7,3,0,0,4,6,3,3,6,"D"
"726","1980","sarrcol",0,3,6,1,0,2,5,3,1,2,3,"D"
"727","1982","sarrcol",2,0,5,3,2,2,2,4,3,1,4,"D"
"728","1986","sarrcol",0,2,3,5,0,2,5,3,-2,-2,-4,"D"
"729","1988","sarrcol",1,0,3,6,4,0,1,5,2,-1,1,"D"
"730","1990","sarrcol",0,4,3,3,1,3,1,5,2,2,4,"D"
"731","852","sarrcol",1,0,6,3,0,0,8,2,-2,-1,-3,"D"
"732","853","sarrcol",0,0,8,2,0,0,5,5,3,3,6,"D"
"733","858","sarrcol",1,2,2,5,3,0,4,3,-2,-2,-4,"D"
"734","860","sarrcol",0,0,4,6,0,0,2,8,2,2,4,"D"
"735","863","sarrcol",1,3,4,2,0,3,6,1,-2,-1,-3,"D"
"736","866","sarrcol",3,1,0,6,3,3,0,4,0,-2,-2,"D"
"737","867","sarrcol",0,2,1,7,1,3,1,5,0,-2,-2,"D"
"738","868","sarrcol",0,2,5,3,1,1,4,4,1,1,2,"D"
"739","869","sarrcol",1,0,5,4,3,0,4,3,1,-1,0,"D"
"740","870","sarrcol",0,1,4,5,0,1,4,5,0,0,0,"D"
"741","871","sarrcol",1,1,4,4,1,0,3,6,1,2,3,"D"
"742","872","sarrcol",2,0,1,7,1,0,4,5,-3,-2,-5,"D"
"743","873","sarrcol",2,0,4,4,1,0,4,5,0,1,1,"D"
"744","879","sarrcol",1,2,4,3,1,2,1,6,3,3,6,"D"
"745","880","sarrcol",1,0,5,4,2,0,2,6,3,2,5,"D"
"746","885","sarrcol",0,0,3,7,0,0,2,8,1,1,2,"D"
"747","886","sarrcol",3,2,3,2,3,3,2,2,1,0,1,"D"
"748","893","sarrcol",1,0,4,5,0,0,3,7,1,2,3,"D"
"749","895","sarrcol",0,0,2,8,2,2,3,3,-1,-5,-6,"D"
"750","897","sarrcol",2,1,5,2,1,0,4,5,1,3,4,"D"
"751","899","sarrcol",2,1,2,5,1,1,0,8,2,3,5,"D"
"752","900","sarrcol",2,1,3,4,3,1,1,5,2,1,3,"D"
"753","902","sarrcol",1,1,2,6,0,5,4,1,-2,-5,-7,"D"
"754","903","sarrcol",1,1,1,7,1,0,5,4,-4,-3,-7,"D"
"755","904","sarrcol",4,0,2,4,1,1,3,5,-1,1,0,"D"
"756","905","sarrcol",1,0,5,4,2,0,1,7,4,3,7,"D"
"757","906","sarrcol",1,0,2,7,0,0,1,9,1,2,3,"D"
"758","908","sarrcol",0,0,6,4,0,0,6,4,0,0,0,"D"
"759","910","sarrcol",2,1,1,6,0,0,2,8,-1,2,1,"D"
"760","914","sarrcol",0,0,4,6,0,1,3,6,1,0,1,"D"
"761","1676","sarrshacol",1,2,2,5,3,1,3,3,-1,-2,-3,"E"
"762","1677","sarrshacol",3,0,4,3,1,1,7,1,-3,-2,-5,"E"
"763","1678","sarrshacol",2,0,3,5,2,0,2,6,1,1,2,"E"
"764","1679","sarrshacol",0,1,5,4,1,0,9,0,-4,-4,-8,"E"
"765","1680","sarrshacol",0,0,6,4,4,0,4,2,2,-2,0,"E"
"766","1682","sarrshacol",0,0,2,8,1,1,4,4,-2,-4,-6,"E"
"767","1684","sarrshacol",1,2,7,0,0,2,6,2,1,2,3,"E"
"768","1687","sarrshacol",1,0,4,5,4,0,3,3,1,-2,-1,"E"
"769","1688","sarrshacol",1,0,2,7,0,1,5,4,-3,-3,-6,"E"
"770","1691","sarrshacol",2,1,3,4,3,0,3,4,0,0,0,"E"
"771","1693","sarrshacol",1,2,0,7,3,2,3,2,-3,-5,-8,"E"
"772","1694","sarrshacol",0,0,3,7,1,1,4,4,-1,-3,-4,"E"
"773","1699","sarrshacol",3,1,4,2,1,0,8,1,-4,-1,-5,"E"
"774","1701","sarrshacol",1,0,4,5,2,1,4,3,0,-2,-2,"E"
"775","1705","sarrshacol",0,1,4,5,4,0,3,3,1,-2,-1,"E"
"776","1706","sarrshacol",0,1,8,1,0,0,9,1,-1,0,-1,"E"
"777","1707","sarrshacol",1,0,1,8,1,0,1,8,0,0,0,"E"
"778","1709","sarrshacol",0,2,2,6,1,0,5,4,-3,-2,-5,"E"
"779","1711","sarrshacol",1,0,4,5,0,1,3,6,1,1,2,"E"
"780","1712","sarrshacol",2,1,2,5,1,4,4,1,-2,-4,-6,"E"
"781","1713","sarrshacol",1,0,4,5,1,1,3,5,1,0,1,"E"
"782","1715","sarrshacol",1,0,4,5,2,0,6,2,-2,-3,-5,"E"
"783","1720","sarrshacol",0,0,5,5,0,0,7,3,-2,-2,-4,"E"
"784","1721","sarrshacol",3,0,4,3,3,0,2,5,2,2,4,"E"
"785","1722","sarrshacol",1,2,1,6,2,1,1,6,0,0,0,"E"
"786","1724","sarrshacol",0,4,1,5,1,6,1,2,0,-3,-3,"E"
"787","1726","sarrshacol",1,2,3,4,0,0,6,4,-3,0,-3,"E"
"788","1728","sarrshacol",1,2,3,4,4,2,3,1,0,-3,-3,"E"
"789","1734","sarrshacol",0,0,8,2,0,0,9,1,-1,-1,-2,"E"
"790","1736","sarrshacol",5,1,2,2,4,0,0,6,2,4,6,"E"
"791","1742","sarrshacol",0,1,6,3,0,0,8,2,-2,-1,-3,"E"
"792","1743","sarrshacol",0,0,5,5,1,0,9,0,-4,-5,-9,"E"
"793","1746","sarrshacol",0,0,7,3,0,0,4,6,3,3,6,"E"
"794","1747","sarrshacol",0,1,9,0,0,3,7,0,2,0,2,"E"
"795","1748","sarrshacol",0,2,5,3,0,1,7,2,-2,-1,-3,"E"
"796","1749","sarrshacol",2,0,5,3,3,0,6,1,-1,-2,-3,"E"
"797","1751","sarrshacol",0,0,5,5,1,0,3,6,2,1,3,"E"
"798","1752","sarrshacol",0,5,3,2,1,1,7,1,-4,-1,-5,"E"
"799","1755","sarrshacol",0,2,4,4,1,0,9,0,-5,-4,-9,"E"
"800","1756","sarrshacol",1,1,1,7,3,1,2,4,-1,-3,-4,"E"
"801","1759","sarrshacol",0,3,2,5,0,2,5,3,-3,-2,-5,"E"
"802","1761","sarrshacol",1,0,2,7,0,0,1,9,1,2,3,"E"
"803","1949","sarrshacol",1,0,3,6,4,1,0,5,3,-1,2,"E"
"804","1953","sarrshacol",1,2,1,6,1,2,4,3,-3,-3,-6,"E"
"805","1954","sarrshacol",0,3,2,5,1,2,4,3,-2,-2,-4,"E"
"806","1955","sarrshacol",2,1,2,5,1,3,3,3,-1,-2,-3,"E"
"807","1958","sarrshacol",4,1,2,3,3,0,0,7,2,4,6,"E"
"808","1960","sarrshacol",2,1,3,4,0,2,2,6,1,2,3,"E"
"809","1962","sarrshacol",1,2,4,3,0,1,3,6,1,3,4,"E"
"810","1963","sarrshacol",0,1,4,5,0,0,2,8,2,3,5,"E"
"811","1965","sarrshacol",0,0,8,2,0,0,7,3,1,1,2,"E"
"812","1966","sarrshacol",0,1,3,6,3,0,3,4,0,-2,-2,"E"
"813","1967","sarrshacol",4,0,2,4,2,2,0,6,2,2,4,"E"
"814","1969","sarrshacol",2,1,3,4,1,0,4,5,-1,1,0,"E"
"815","1970","sarrshacol",1,1,4,4,0,3,6,1,-2,-3,-5,"E"
"816","1971","sarrshacol",1,1,3,5,2,0,5,3,-2,-2,-4,"E"
"817","1975","sarrshacol",1,1,2,6,1,0,5,4,-3,-2,-5,"E"
"818","1976","sarrshacol",0,1,2,7,1,1,3,5,-1,-2,-3,"E"
"819","1977","sarrshacol",4,0,1,5,1,1,4,4,-3,-1,-4,"E"
"820","1979","sarrshacol",1,1,6,2,0,1,7,2,-1,0,-1,"E"
"821","1980","sarrshacol",1,2,4,3,0,0,8,2,-4,-1,-5,"E"
"822","1982","sarrshacol",3,0,6,1,2,0,6,2,0,1,1,"E"
"823","1986","sarrshacol",0,3,1,6,1,1,2,6,-1,0,-1,"E"
"824","1988","sarrshacol",0,0,1,9,5,0,2,3,-1,-6,-7,"E"
"825","1990","sarrshacol",0,4,5,1,0,4,6,0,-1,-1,-2,"E"
"826","852","sarrshacol",0,1,7,2,3,0,5,2,2,0,2,"E"
"827","853","sarrshacol",0,3,3,4,0,0,6,4,-3,0,-3,"E"
"828","858","sarrshacol",1,1,3,5,1,1,4,4,-1,-1,-2,"E"
"829","860","sarrshacol",0,0,5,5,0,1,1,8,4,3,7,"E"
"830","863","sarrshacol",1,1,6,2,1,2,4,3,2,1,3,"E"
"831","866","sarrshacol",1,2,1,6,0,4,2,4,-1,-2,-3,"E"
"832","867","sarrshacol",0,1,7,2,0,4,4,2,3,0,3,"E"
"833","868","sarrshacol",0,4,3,3,2,2,3,3,0,0,0,"E"
"834","869","sarrshacol",1,0,6,3,0,0,5,5,1,2,3,"E"
"835","870","sarrshacol",0,2,6,2,2,1,5,2,1,0,1,"E"
"836","871","sarrshacol",1,1,7,1,2,0,7,1,0,0,0,"E"
"837","872","sarrshacol",2,0,2,6,3,0,2,5,0,-1,-1,"E"
"838","873","sarrshacol",0,2,6,2,0,1,5,4,1,2,3,"E"
"839","879","sarrshacol",1,2,4,3,0,3,6,1,-2,-2,-4,"E"
"840","880","sarrshacol",2,0,2,6,1,0,3,6,-1,0,-1,"E"
"841","885","sarrshacol",1,0,7,2,1,1,4,4,3,2,5,"E"
"842","886","sarrshacol",1,2,3,4,0,3,4,3,-1,-1,-2,"E"
"843","893","sarrshacol",1,0,2,7,0,0,4,6,-2,-1,-3,"E"
"844","895","sarrshacol",0,0,0,10,0,3,5,2,-5,-8,-13,"E"
"845","897","sarrshacol",0,0,6,4,0,2,3,5,3,1,4,"E"
"846","899","sarrshacol",3,1,3,3,1,3,1,5,2,2,4,"E"
"847","900","sarrshacol",0,1,5,4,0,2,5,3,0,-1,-1,"E"
"848","902","sarrshacol",0,4,4,2,0,1,8,1,-4,-1,-5,"E"
"849","903","sarrshacol",0,0,5,5,1,0,4,5,1,0,1,"E"
"850","904","sarrshacol",2,0,1,7,2,1,3,4,-2,-3,-5,"E"
"851","905","sarrshacol",1,1,4,4,0,1,3,6,1,2,3,"E"
"852","906","sarrshacol",0,0,7,3,1,0,7,2,0,-1,-1,"E"
"853","908","sarrshacol",0,0,5,5,1,0,5,4,0,-1,-1,"E"
"854","910","sarrshacol",1,3,5,1,1,2,5,2,0,1,1,"E"
"855","914","sarrshacol",1,0,5,4,1,2,5,2,0,-2,-2,"E"
"856","1676","sarrshacol",1,2,2,5,3,1,3,3,-1,-2,-3,"E"
"857","1677","sarrshacol",3,0,4,3,1,1,7,1,-3,-2,-5,"E"
"858","1678","sarrshacol",2,0,3,5,2,0,2,6,1,1,2,"E"
"859","1679","sarrshacol",0,1,5,4,1,0,9,0,-4,-4,-8,"E"
"860","1680","sarrshacol",0,0,6,4,4,0,4,2,2,-2,0,"E"
"861","1682","sarrshacol",0,0,2,8,1,1,4,4,-2,-4,-6,"E"
"862","1684","sarrshacol",1,2,7,0,0,2,6,2,1,2,3,"E"
"863","1687","sarrshacol",1,0,4,5,4,0,3,3,1,-2,-1,"E"
"864","1688","sarrshacol",1,0,2,7,0,1,5,4,-3,-3,-6,"E"
"865","1691","sarrshacol",2,1,3,4,3,0,3,4,0,0,0,"E"
"866","1693","sarrshacol",1,2,0,7,3,2,3,2,-3,-5,-8,"E"
"867","1694","sarrshacol",0,0,3,7,1,1,4,4,-1,-3,-4,"E"
"868","1699","sarrshacol",3,1,4,2,1,0,8,1,-4,-1,-5,"E"
"869","1701","sarrshacol",1,0,4,5,2,1,4,3,0,-2,-2,"E"
"870","1705","sarrshacol",0,1,4,5,4,0,3,3,1,-2,-1,"E"
"871","1706","sarrshacol",0,1,8,1,0,0,9,1,-1,0,-1,"E"
"872","1707","sarrshacol",1,0,1,8,1,0,1,8,0,0,0,"E"
"873","1709","sarrshacol",0,2,2,6,1,0,5,4,-3,-2,-5,"E"
"874","1711","sarrshacol",1,0,4,5,0,1,3,6,1,1,2,"E"
"875","1712","sarrshacol",2,1,2,5,1,4,4,1,-2,-4,-6,"E"
"876","1713","sarrshacol",1,0,4,5,1,1,3,5,1,0,1,"E"
"877","1715","sarrshacol",1,0,4,5,2,0,6,2,-2,-3,-5,"E"
"878","1720","sarrshacol",0,0,5,5,0,0,7,3,-2,-2,-4,"E"
"879","1721","sarrshacol",3,0,4,3,3,0,2,5,2,2,4,"E"
"880","1722","sarrshacol",1,2,1,6,2,1,1,6,0,0,0,"E"
"881","1724","sarrshacol",0,4,1,5,1,6,1,2,0,-3,-3,"E"
"882","1726","sarrshacol",1,2,3,4,0,0,6,4,-3,0,-3,"E"
"883","1728","sarrshacol",1,2,3,4,4,2,3,1,0,-3,-3,"E"
"884","1734","sarrshacol",0,0,8,2,0,0,9,1,-1,-1,-2,"E"
"885","1736","sarrshacol",5,1,2,2,4,0,0,6,2,4,6,"E"
"886","1742","sarrshacol",0,1,6,3,0,0,8,2,-2,-1,-3,"E"
"887","1743","sarrshacol",0,0,5,5,1,0,9,0,-4,-5,-9,"E"
"888","1746","sarrshacol",0,0,7,3,0,0,4,6,3,3,6,"E"
"889","1747","sarrshacol",0,1,9,0,0,3,7,0,2,0,2,"E"
"890","1748","sarrshacol",0,2,5,3,0,1,7,2,-2,-1,-3,"E"
"891","1749","sarrshacol",2,0,5,3,3,0,6,1,-1,-2,-3,"E"
"892","1751","sarrshacol",0,0,5,5,1,0,3,6,2,1,3,"E"
"893","1752","sarrshacol",0,5,3,2,1,1,7,1,-4,-1,-5,"E"
"894","1755","sarrshacol",0,2,4,4,1,0,9,0,-5,-4,-9,"E"
"895","1756","sarrshacol",1,1,1,7,3,1,2,4,-1,-3,-4,"E"
"896","1759","sarrshacol",0,3,2,5,0,2,5,3,-3,-2,-5,"E"
"897","1761","sarrshacol",1,0,2,7,0,0,1,9,1,2,3,"E"
"898","1949","sarrshacol",1,0,3,6,4,1,0,5,3,-1,2,"E"
"899","1953","sarrshacol",1,2,1,6,1,2,4,3,-3,-3,-6,"E"
"900","1954","sarrshacol",0,3,2,5,1,2,4,3,-2,-2,-4,"E"
"901","1955","sarrshacol",2,1,2,5,1,3,3,3,-1,-2,-3,"E"
"902","1958","sarrshacol",4,1,2,3,3,0,0,7,2,4,6,"E"
"903","1960","sarrshacol",2,1,3,4,0,2,2,6,1,2,3,"E"
"904","1962","sarrshacol",1,2,4,3,0,1,3,6,1,3,4,"E"
"905","1963","sarrshacol",0,1,4,5,0,0,2,8,2,3,5,"E"
"906","1965","sarrshacol",0,0,8,2,0,0,7,3,1,1,2,"E"
"907","1966","sarrshacol",0,1,3,6,3,0,3,4,0,-2,-2,"E"
"908","1967","sarrshacol",4,0,2,4,2,2,0,6,2,2,4,"E"
"909","1969","sarrshacol",2,1,3,4,1,0,4,5,-1,1,0,"E"
"910","1970","sarrshacol",1,1,4,4,0,3,6,1,-2,-3,-5,"E"
"911","1971","sarrshacol",1,1,3,5,2,0,5,3,-2,-2,-4,"E"
"912","1975","sarrshacol",1,1,2,6,1,0,5,4,-3,-2,-5,"E"
"913","1976","sarrshacol",0,1,2,7,1,1,3,5,-1,-2,-3,"E"
"914","1977","sarrshacol",4,0,1,5,1,1,4,4,-3,-1,-4,"E"
"915","1979","sarrshacol",1,1,6,2,0,1,7,2,-1,0,-1,"E"
"916","1980","sarrshacol",1,2,4,3,0,0,8,2,-4,-1,-5,"E"
"917","1982","sarrshacol",3,0,6,1,2,0,6,2,0,1,1,"E"
"918","1986","sarrshacol",0,3,1,6,1,1,2,6,-1,0,-1,"E"
"919","1988","sarrshacol",0,0,1,9,5,0,2,3,-1,-6,-7,"E"
"920","1990","sarrshacol",0,4,5,1,0,4,6,0,-1,-1,-2,"E"
"921","852","sarrshacol",0,1,7,2,3,0,5,2,2,0,2,"E"
"922","853","sarrshacol",0,3,3,4,0,0,6,4,-3,0,-3,"E"
"923","858","sarrshacol",1,1,3,5,1,1,4,4,-1,-1,-2,"E"
"924","860","sarrshacol",0,0,5,5,0,1,1,8,4,3,7,"E"
"925","863","sarrshacol",1,1,6,2,1,2,4,3,2,1,3,"E"
"926","866","sarrshacol",1,2,1,6,0,4,2,4,-1,-2,-3,"E"
"927","867","sarrshacol",0,1,7,2,0,4,4,2,3,0,3,"E"
"928","868","sarrshacol",0,4,3,3,2,2,3,3,0,0,0,"E"
"929","869","sarrshacol",1,0,6,3,0,0,5,5,1,2,3,"E"
"930","870","sarrshacol",0,2,6,2,2,1,5,2,1,0,1,"E"
"931","871","sarrshacol",1,1,7,1,2,0,7,1,0,0,0,"E"
"932","872","sarrshacol",2,0,2,6,3,0,2,5,0,-1,-1,"E"
"933","873","sarrshacol",0,2,6,2,0,1,5,4,1,2,3,"E"
"934","879","sarrshacol",1,2,4,3,0,3,6,1,-2,-2,-4,"E"
"935","880","sarrshacol",2,0,2,6,1,0,3,6,-1,0,-1,"E"
"936","885","sarrshacol",1,0,7,2,1,1,4,4,3,2,5,"E"
"937","886","sarrshacol",1,2,3,4,0,3,4,3,-1,-1,-2,"E"
"938","893","sarrshacol",1,0,2,7,0,0,4,6,-2,-1,-3,"E"
"939","895","sarrshacol",0,0,0,10,0,3,5,2,-5,-8,-13,"E"
"940","897","sarrshacol",0,0,6,4,0,2,3,5,3,1,4,"E"
"941","899","sarrshacol",3,1,3,3,1,3,1,5,2,2,4,"E"
"942","900","sarrshacol",0,1,5,4,0,2,5,3,0,-1,-1,"E"
"943","902","sarrshacol",0,4,4,2,0,1,8,1,-4,-1,-5,"E"
"944","903","sarrshacol",0,0,5,5,1,0,4,5,1,0,1,"E"
"945","904","sarrshacol",2,0,1,7,2,1,3,4,-2,-3,-5,"E"
"946","905","sarrshacol",1,1,4,4,0,1,3,6,1,2,3,"E"
"947","906","sarrshacol",0,0,7,3,1,0,7,2,0,-1,-1,"E"
"948","908","sarrshacol",0,0,5,5,1,0,5,4,0,-1,-1,"E"
"949","910","sarrshacol",1,3,5,1,1,2,5,2,0,1,1,"E"
"950","914","sarrshacol",1,0,5,4,1,2,5,2,0,-2,-2,"E"
